employee_id,full_name,department,gender,age,education_level,job_level,years_at_company,monthly_salary,performance_score,job_satisfaction,promotions,training_hours,left_company,attrition_reason,hire_date,age_group,salary_band,tenure_group,perf_band
EMP0001,Employee_1,Hr,Female,40,Hnd,Mid-Level,2,454011,4.7,Medium,1,38,No,,2006-01-05,40-49,Executive (450k+),0-2 Years,Outstanding
EMP0002,Employee_2,Sales,Male,46,Ond,Manager,10,313366,2.3,Medium,2,24,No,,2023-12-05,40-49,Senior (300k-450k),6-10 Years,Poor
EMP0003,Employee_3,Sales,Male,23,Msc,Junior,3,126027,3.1,Medium,4,39,Yes,Career Growth,2008-09-28,20-29,Entry (<150k),3-5 Years,Average
EMP0004,Employee_4,Hr,Female,58,Bsc,Manager,17,504942,3.5,Low,3,25,No,,2016-02-12,50+,Executive (450k+),10+ Years,Good
EMP0005,Employee_5,Network Operations,Male,46,Bsc,Manager,12,437527,4.4,High,3,37,No,,2017-10-04,40-49,Senior (300k-450k),10+ Years,Good
EMP0006,Employee_6,Customer Service,Male,52,High School,Senior,9,12000,3.4,High,1,22,Yes,Career Growth,2015-05-11,50+,Entry (<150k),6-10 Years,Average
EMP0007,Employee_7,Customer Service,Male,22,Bsc,Junior,8,247556,3.0,High,5,22,No,,2009-03-24,20-29,Mid (150k-300k),6-10 Years,Average
EMP0008,Employee_8,Customer Service,Female,44,Hnd,Senior,4,430140,3.1,Low,4,22,Yes,Low Salary,2018-11-16,40-49,Senior (300k-450k),3-5 Years,Average
EMP0009,Employee_9,Hr,Female,41,Bsc,Mid-Level,10,262150,3.0,High,5,29,Yes,Work-Life Balance,2015-03-23,40-49,Mid (150k-300k),6-10 Years,Average
EMP0010,Employee_10,Customer Service,Female,46,Hnd,Manager,2,452003,3.3,High,3,39,No,,2022-12-20,40-49,Executive (450k+),0-2 Years,Average
EMP0011,Employee_11,Hr,Female,48,Hnd,Manager,18,114046,2.9,Medium,0,11,No,,2016-04-22,40-49,Entry (<150k),10+ Years,Average
EMP0012,Employee_12,Hr,Female,56,High School,Mid-Level,4,368356,1.1,High,4,19,No,,2023-03-13,50+,Senior (300k-450k),3-5 Years,Poor
EMP0013,Employee_13,Finance,Male,56,Ond,Senior,11,364253,2.3,Medium,2,39,Yes,Better Offer,2014-12-23,50+,Senior (300k-450k),10+ Years,Poor
EMP0014,Employee_14,Sales,Male,36,Hnd,Junior,9,232233,1.4,Low,1,37,No,,2014-03-06,30-39,Mid (150k-300k),6-10 Years,Poor
EMP0015,Employee_15,Finance,Male,53,Bsc,Senior,12,547314,2.7,Medium,5,5,No,,2005-12-19,50+,Executive (450k+),10+ Years,Average
EMP0016,Employee_16,It,Female,36,Bsc,Senior,4,237263,3.1,High,0,8,No,,2017-10-02,30-39,Mid (150k-300k),3-5 Years,Average
EMP0017,Employee_17,Sales,Female,39,Hnd,Junior,2,526358,4.6,High,0,20,No,,2010-10-11,30-39,Executive (450k+),0-2 Years,Outstanding
EMP0018,Employee_18,Sales,Male,49,Bsc,Manager,9,162578,4.5,Medium,2,7,No,,2012-11-19,40-49,Mid (150k-300k),6-10 Years,Outstanding
EMP0019,Employee_19,Sales,Male,53,Msc,Senior,17,453192,3.5,High,1,15,No,,2008-08-05,50+,Executive (450k+),10+ Years,Good
EMP0020,Employee_20,Customer Service,Male,23,High School,Mid-Level,12,452015,3.4,Medium,3,19,Yes,Career Growth,2015-12-03,20-29,Executive (450k+),10+ Years,Average
EMP0021,Employee_21,Customer Service,Male,46,Bsc,Junior,10,447116,2.1,High,5,7,Yes,Relocation,2012-06-11,40-49,Senior (300k-450k),6-10 Years,Poor
EMP0022,Employee_22,Finance,Female,43,High School,Manager,4,414338,3.6,Medium,5,11,Yes,Better Offer,2010-11-03,40-49,Senior (300k-450k),3-5 Years,Good
EMP0023,Employee_23,Finance,Male,47,Hnd,Junior,16,171273,4.9,Medium,1,23,No,,2015-08-01,40-49,Mid (150k-300k),10+ Years,Outstanding
EMP0024,Employee_24,Sales,Female,32,Hnd,Mid-Level,2,496125,3.3,Low,5,9,No,,2013-04-08,30-39,Executive (450k+),0-2 Years,Average
EMP0025,Employee_25,Finance,Male,51,Hnd,Junior,13,269526,1.9,Medium,3,32,Yes,Career Growth,2007-06-09,50+,Mid (150k-300k),10+ Years,Poor
EMP0026,Employee_26,Customer Service,Female,30,High School,Junior,16,346734,1.2,Medium,2,24,No,,2008-12-01,30-39,Senior (300k-450k),10+ Years,Poor
EMP0027,Employee_27,Hr,Female,56,Bsc,Senior,11,197567,2.9,Low,2,26,No,,2006-07-15,50+,Mid (150k-300k),10+ Years,Average
EMP0028,Employee_28,Hr,Male,23,Msc,Mid-Level,0,143628,3.1,High,0,22,No,,2018-03-14,20-29,Entry (<150k),0-2 Years,Average
EMP0029,Employee_29,Hr,Male,47,High School,Mid-Level,11,185371,3.9,Medium,0,8,No,,2020-07-12,40-49,Mid (150k-300k),10+ Years,Good
EMP0030,Employee_30,Finance,Female,58,Msc,Mid-Level,9,495270,4.1,Low,0,36,No,,2022-07-04,50+,Executive (450k+),6-10 Years,Good
EMP0031,Employee_31,It,Male,23,Bsc,Junior,5,152811,2.5,High,2,24,No,,2020-10-21,20-29,Mid (150k-300k),3-5 Years,Average
EMP0032,Employee_32,Customer Service,Male,27,Bsc,Mid-Level,6,204117,4.3,Medium,3,27,No,,2012-03-15,20-29,Mid (150k-300k),6-10 Years,Good
EMP0033,Employee_33,It,Male,49,High School,Mid-Level,10,494383,2.0,High,2,11,No,,2007-01-10,40-49,Executive (450k+),6-10 Years,Poor
EMP0034,Employee_34,Finance,Male,30,Ond,Mid-Level,15,339009,3.3,Low,2,31,Yes,Work-Life Balance,2005-06-09,30-39,Senior (300k-450k),10+ Years,Average
EMP0035,Employee_35,Network Operations,Male,51,Msc,Senior,6,93780,3.8,Medium,0,40,Yes,Personal,2008-02-11,50+,Entry (<150k),6-10 Years,Good
EMP0036,Employee_36,Marketing,Male,33,Hnd,Mid-Level,7,269213,1.8,Low,1,34,No,,2010-07-06,30-39,Mid (150k-300k),6-10 Years,Poor
EMP0037,Employee_37,Marketing,Female,25,Msc,Junior,4,370466,2.8,High,0,11,Yes,Career Growth,2007-09-03,20-29,Senior (300k-450k),3-5 Years,Average
EMP0038,Employee_38,Sales,Female,38,Bsc,Senior,4,380038,2.7,Medium,1,35,No,,2015-10-20,30-39,Senior (300k-450k),3-5 Years,Average
EMP0039,Employee_39,Marketing,Female,46,Bsc,Mid-Level,2,273415,2.7,Medium,3,10,Yes,Work-Life Balance,2020-12-01,40-49,Mid (150k-300k),0-2 Years,Average
EMP0040,Employee_40,Marketing,Male,42,High School,Mid-Level,9,325055,1.8,High,3,31,No,,2018-11-06,40-49,Senior (300k-450k),6-10 Years,Poor
EMP0041,Employee_41,Customer Service,Female,35,Ond,Senior,3,501350,3.0,High,4,18,No,,2018-03-02,30-39,Executive (450k+),3-5 Years,Average
EMP0042,Employee_42,Hr,Male,51,Hnd,Mid-Level,16,369221,3.4,Low,4,8,Yes,Career Growth,2008-06-07,50+,Senior (300k-450k),10+ Years,Average
EMP0043,Employee_43,It,Male,42,Msc,Junior,17,148037,2.9,Medium,4,11,Yes,Personal,2011-07-23,40-49,Entry (<150k),10+ Years,Average
EMP0044,Employee_44,Network Operations,Female,43,Ond,Junior,16,400837,4.4,Low,3,20,Yes,Low Salary,2022-12-24,40-49,Senior (300k-450k),10+ Years,Good
EMP0045,Employee_45,Network Operations,Male,46,Hnd,Mid-Level,1,543599,3.1,Medium,0,28,Yes,Relocation,2022-05-22,40-49,Executive (450k+),0-2 Years,Average
EMP0046,Employee_46,Customer Service,Female,39,Bsc,Junior,10,125201,3.8,Low,0,39,No,,2014-05-08,30-39,Entry (<150k),6-10 Years,Good
EMP0047,Employee_47,Customer Service,Female,48,Bsc,Senior,4,114470,3.1,Medium,0,3,No,,2008-01-13,40-49,Entry (<150k),3-5 Years,Average
EMP0048,Employee_48,Marketing,Female,38,High School,Mid-Level,12,8000,3.1,High,2,22,No,,2023-09-27,30-39,Entry (<150k),10+ Years,Average
EMP0049,Employee_49,Network Operations,Female,27,High School,Senior,4,288750,5.0,Low,4,0,No,,2020-03-02,20-29,Mid (150k-300k),3-5 Years,Outstanding
EMP0050,Employee_50,Sales,Female,52,Msc,Junior,5,455879,2.9,Medium,0,31,Yes,Career Growth,2016-01-14,50+,Executive (450k+),3-5 Years,Average
EMP0051,Employee_51,Sales,Female,23,Ond,Mid-Level,5,456894,2.5,Medium,4,8,No,,2007-05-27,20-29,Executive (450k+),3-5 Years,Average
EMP0052,Employee_52,It,Male,56,Ond,Senior,5,330958,4.8,Low,4,12,No,,2020-04-04,50+,Senior (300k-450k),3-5 Years,Outstanding
EMP0053,Employee_53,Sales,Male,25,Hnd,Junior,14,355615,2.8,High,2,24,No,,2005-04-06,20-29,Senior (300k-450k),10+ Years,Average
EMP0054,Employee_54,Network Operations,Female,44,Msc,Mid-Level,1,295374,3.1,High,3,35,No,,2014-02-16,40-49,Mid (150k-300k),0-2 Years,Average
EMP0055,Employee_55,Marketing,Male,36,High School,Manager,13,483263,3.2,Low,0,32,Yes,Low Salary,2008-05-26,30-39,Executive (450k+),10+ Years,Average
EMP0056,Employee_56,Network Operations,Male,26,Msc,Junior,11,294661,3.1,Low,2,31,No,,2017-08-16,20-29,Mid (150k-300k),10+ Years,Average
EMP0057,Employee_57,Finance,Male,24,Bsc,Junior,7,511666,4.5,Medium,3,26,No,,2013-02-21,20-29,Executive (450k+),6-10 Years,Outstanding
EMP0058,Employee_58,Customer Service,Female,23,High School,Manager,14,381413,3.7,Medium,3,31,No,,2022-07-06,20-29,Senior (300k-450k),10+ Years,Good
EMP0059,Employee_59,Marketing,Male,37,Ond,Manager,9,118666,4.2,High,0,26,No,,2016-07-12,30-39,Entry (<150k),6-10 Years,Good
EMP0060,Employee_60,Sales,Male,34,High School,Senior,14,145707,2.1,High,5,28,Yes,Relocation,2010-08-02,30-39,Entry (<150k),10+ Years,Poor
EMP0061,Employee_61,Hr,Female,23,Bsc,Junior,7,246213,2.9,High,4,31,No,,2013-08-15,20-29,Mid (150k-300k),6-10 Years,Average
EMP0062,Employee_62,It,Male,31,High School,Manager,17,416770,4.8,Low,1,10,No,,2013-04-27,30-39,Senior (300k-450k),10+ Years,Outstanding
EMP0063,Employee_63,Finance,Male,37,Ond,Mid-Level,7,118883,2.1,Low,4,5,No,,2013-10-02,30-39,Entry (<150k),6-10 Years,Poor
EMP0064,Employee_64,Sales,Male,30,Bsc,Junior,9,315916,2.2,Low,4,36,No,,2009-12-22,30-39,Senior (300k-450k),6-10 Years,Poor
EMP0065,Employee_65,It,Male,52,Hnd,Senior,15,324230,4.8,High,1,1,Yes,Personal,2008-02-22,50+,Senior (300k-450k),10+ Years,Outstanding
EMP0066,Employee_66,Sales,Male,29,Msc,Manager,6,436572,4.9,High,5,14,No,,2016-09-14,20-29,Senior (300k-450k),6-10 Years,Outstanding
EMP0067,Employee_67,Finance,Male,58,Hnd,Junior,11,351245,4.1,High,3,18,Yes,Low Salary,2023-04-18,50+,Senior (300k-450k),10+ Years,Good
EMP0068,Employee_68,Network Operations,Male,35,Bsc,Junior,18,260624,3.8,High,1,22,Yes,Better Offer,2006-07-27,30-39,Mid (150k-300k),10+ Years,Good
EMP0069,Employee_69,Marketing,Female,51,Bsc,Manager,14,147284,3.8,Low,1,17,No,,2021-07-18,50+,Entry (<150k),10+ Years,Good
EMP0070,Employee_70,Hr,Male,38,Bsc,Manager,14,540303,3.0,Medium,2,14,No,,2020-10-08,30-39,Executive (450k+),10+ Years,Average
EMP0071,Employee_71,Finance,Male,45,Ond,Manager,9,514662,2.9,High,2,34,No,,2020-05-03,40-49,Executive (450k+),6-10 Years,Average
EMP0072,Employee_72,Marketing,Male,32,Bsc,Junior,12,489082,3.2,Medium,2,18,Yes,Work-Life Balance,2017-12-02,30-39,Executive (450k+),10+ Years,Average
EMP0073,Employee_73,Network Operations,Male,29,Msc,Manager,16,369041,4.7,Medium,3,10,No,,2021-10-17,20-29,Senior (300k-450k),10+ Years,Outstanding
EMP0074,Employee_74,Finance,Female,32,Ond,Manager,16,415436,3.9,Low,1,29,Yes,Relocation,2023-11-20,30-39,Senior (300k-450k),10+ Years,Good
EMP0075,Employee_75,Customer Service,Female,41,Bsc,Junior,13,388169,2.2,Low,0,36,No,,2009-02-25,40-49,Senior (300k-450k),10+ Years,Poor
EMP0076,Employee_76,Hr,Female,28,Ond,Junior,5,175401,3.3,Low,1,31,Yes,Career Growth,2019-03-06,20-29,Mid (150k-300k),3-5 Years,Average
EMP0077,Employee_77,Sales,Male,23,Msc,Senior,6,482538,3.2,High,3,35,Yes,Career Growth,2011-04-05,20-29,Executive (450k+),6-10 Years,Average
EMP0078,Employee_78,Sales,Male,41,Msc,Mid-Level,4,147650,4.6,Low,2,32,No,,2006-07-03,40-49,Entry (<150k),3-5 Years,Outstanding
EMP0079,Employee_79,Customer Service,Male,58,Ond,Junior,8,306816,2.6,High,3,7,No,,2018-04-27,50+,Senior (300k-450k),6-10 Years,Average
EMP0080,Employee_80,Customer Service,Female,46,High School,Mid-Level,1,343645,3.1,Medium,2,36,Yes,Poor Management,2009-10-09,40-49,Senior (300k-450k),0-2 Years,Average
EMP0081,Employee_81,Marketing,Female,47,Hnd,Senior,15,535192,4.1,Low,3,7,No,,2015-12-26,40-49,Executive (450k+),10+ Years,Good
EMP0082,Employee_82,Network Operations,Male,34,Bsc,Senior,11,109052,1.6,High,0,17,Yes,Career Growth,2007-02-13,30-39,Entry (<150k),10+ Years,Poor
EMP0083,Employee_83,Sales,Female,26,Hnd,Manager,17,515888,1.2,High,2,34,No,,2022-07-18,20-29,Executive (450k+),10+ Years,Poor
EMP0084,Employee_84,Marketing,Female,37,Msc,Senior,3,145096,4.8,High,2,22,No,,2015-05-17,30-39,Entry (<150k),3-5 Years,Outstanding
EMP0085,Employee_85,Customer Service,Female,28,Hnd,Manager,16,351634,1.3,Low,1,34,No,,2019-01-26,20-29,Senior (300k-450k),10+ Years,Poor
EMP0086,Employee_86,Marketing,Male,41,High School,Manager,3,160224,4.7,Medium,5,2,Yes,Work-Life Balance,2023-09-26,40-49,Mid (150k-300k),3-5 Years,Outstanding
EMP0087,Employee_87,Sales,Male,29,Hnd,Junior,9,239448,3.6,High,5,28,Yes,Work-Life Balance,2018-02-14,20-29,Mid (150k-300k),6-10 Years,Good
EMP0088,Employee_88,It,Female,58,Hnd,Junior,2,166327,3.1,High,3,34,No,,2009-03-19,50+,Mid (150k-300k),0-2 Years,Average
EMP0089,Employee_89,Network Operations,Male,24,Msc,Mid-Level,5,164917,1.9,Medium,4,13,No,,2023-10-25,20-29,Mid (150k-300k),3-5 Years,Poor
EMP0090,Employee_90,It,Male,44,Msc,Manager,8,249167,4.3,Medium,4,27,No,,2008-02-19,40-49,Mid (150k-300k),6-10 Years,Good
EMP0091,Employee_91,Hr,Male,56,Bsc,Manager,14,451894,2.1,Medium,1,22,No,,2008-05-28,50+,Executive (450k+),10+ Years,Poor
EMP0092,Employee_92,Marketing,Female,49,Ond,Mid-Level,16,198211,3.2,Medium,3,15,Yes,Career Growth,2022-06-14,40-49,Mid (150k-300k),10+ Years,Average
EMP0093,Employee_93,Network Operations,Male,45,Bsc,Manager,4,261415,2.1,High,0,22,No,,2013-07-21,40-49,Mid (150k-300k),3-5 Years,Poor
EMP0094,Employee_94,Customer Service,Female,26,Msc,Senior,13,352051,1.4,High,1,22,Yes,Relocation,2020-10-20,20-29,Senior (300k-450k),10+ Years,Poor
EMP0095,Employee_95,Network Operations,Male,54,Bsc,Manager,2,549198,4.0,Medium,2,28,Yes,Personal,2020-01-06,50+,Executive (450k+),0-2 Years,Good
EMP0096,Employee_96,Network Operations,Male,43,Hnd,Manager,7,228923,2.0,Medium,0,16,No,,2013-07-05,40-49,Mid (150k-300k),6-10 Years,Poor
EMP0097,Employee_97,Customer Service,Female,22,Hnd,Manager,14,523512,1.2,High,3,22,Yes,Low Salary,2017-01-13,20-29,Executive (450k+),10+ Years,Poor
EMP0098,Employee_98,Hr,Female,48,Msc,Junior,11,121345,4.6,Medium,2,5,No,,2015-12-08,40-49,Entry (<150k),10+ Years,Outstanding
EMP0099,Employee_99,Network Operations,Male,53,Msc,Senior,0,211389,1.9,High,4,28,No,,2006-12-16,50+,Mid (150k-300k),0-2 Years,Poor
EMP0100,Employee_100,Hr,Female,40,Bsc,Manager,13,182918,1.9,High,3,7,No,,2013-06-01,40-49,Mid (150k-300k),10+ Years,Poor
EMP0101,Employee_101,Hr,Female,49,Bsc,Senior,1,412952,1.4,Medium,2,15,No,,2015-05-10,40-49,Senior (300k-450k),0-2 Years,Poor
EMP0102,Employee_102,Hr,Male,45,Hnd,Senior,12,368799,2.3,Low,3,13,No,,2013-08-28,40-49,Senior (300k-450k),10+ Years,Poor
EMP0103,Employee_103,Sales,Female,51,Ond,Senior,16,223891,2.9,High,2,37,Yes,Poor Management,2008-04-05,50+,Mid (150k-300k),10+ Years,Average
EMP0104,Employee_104,Finance,Male,31,Ond,Mid-Level,11,145625,3.7,High,3,22,No,,2014-12-15,30-39,Entry (<150k),10+ Years,Good
EMP0105,Employee_105,Hr,Male,49,Msc,Manager,7,407691,1.5,Medium,5,39,No,,2015-05-24,40-49,Senior (300k-450k),6-10 Years,Poor
EMP0106,Employee_106,Customer Service,Female,33,Bsc,Junior,12,238767,3.1,Low,4,40,Yes,Work-Life Balance,2018-10-21,30-39,Mid (150k-300k),10+ Years,Average
EMP0107,Employee_107,Finance,Male,55,Ond,Junior,2,402137,4.9,Medium,1,27,No,,2007-04-15,50+,Senior (300k-450k),0-2 Years,Outstanding
EMP0108,Employee_108,Hr,Male,39,Bsc,Junior,11,359696,1.6,Medium,2,10,No,,2011-07-24,30-39,Senior (300k-450k),10+ Years,Poor
EMP0109,Employee_109,Customer Service,Male,56,High School,Junior,7,128983,3.6,Medium,2,39,Yes,Poor Management,2020-09-28,50+,Entry (<150k),6-10 Years,Good
EMP0110,Employee_110,Customer Service,Male,52,Hnd,Manager,0,343493,4.5,Low,4,8,No,,2016-01-17,50+,Senior (300k-450k),0-2 Years,Outstanding
EMP0111,Employee_111,It,Female,51,Bsc,Junior,10,416062,2.9,High,5,13,No,,2010-02-10,50+,Senior (300k-450k),6-10 Years,Average
EMP0112,Employee_112,It,Male,49,Bsc,Senior,3,168413,3.6,Low,1,13,No,,2021-07-05,40-49,Mid (150k-300k),3-5 Years,Good
EMP0113,Employee_113,Network Operations,Female,39,Bsc,Mid-Level,10,740726,4.0,High,3,3,No,,2021-10-01,30-39,Executive (450k+),6-10 Years,Good
EMP0114,Employee_114,Customer Service,Male,42,Ond,Junior,4,384425,3.1,Low,2,36,No,,2010-04-27,40-49,Senior (300k-450k),3-5 Years,Average
EMP0115,Employee_115,Hr,Female,37,Bsc,Senior,4,160842,2.1,Low,1,22,No,,2011-01-08,30-39,Mid (150k-300k),3-5 Years,Poor
EMP0116,Employee_116,Finance,Female,27,High School,Junior,1,169758,1.2,Medium,3,34,No,,2006-08-02,20-29,Mid (150k-300k),0-2 Years,Poor
EMP0117,Employee_117,Customer Service,Female,39,Ond,Manager,9,425365,4.1,High,2,17,Yes,Poor Management,2016-12-07,30-39,Senior (300k-450k),6-10 Years,Good
EMP0118,Employee_118,Hr,Male,50,Msc,Senior,15,407406,3.6,High,2,38,No,,2013-06-27,50+,Senior (300k-450k),10+ Years,Good
EMP0119,Employee_119,Network Operations,Male,37,Msc,Manager,4,457819,1.9,High,5,34,Yes,Work-Life Balance,2019-09-13,30-39,Executive (450k+),3-5 Years,Poor
EMP0120,Employee_120,Marketing,Female,51,Hnd,Junior,15,397267,4.0,High,5,10,No,,2008-11-01,50+,Senior (300k-450k),10+ Years,Good
EMP0121,Employee_121,Marketing,Male,58,High School,Senior,14,257009,3.1,Medium,5,22,No,,2012-06-16,50+,Mid (150k-300k),10+ Years,Average
EMP0122,Employee_122,Marketing,Male,46,Bsc,Senior,0,521728,1.1,Medium,3,18,No,,2019-03-28,40-49,Executive (450k+),0-2 Years,Poor
EMP0123,Employee_123,Sales,Male,43,High School,Senior,2,375498,4.7,Low,4,22,Yes,Personal,2020-10-18,40-49,Senior (300k-450k),0-2 Years,Outstanding
EMP0124,Employee_124,Customer Service,Female,23,Msc,Junior,0,101597,2.7,Low,1,36,No,,2016-06-06,20-29,Entry (<150k),0-2 Years,Average
EMP0125,Employee_125,Marketing,Male,53,Bsc,Mid-Level,8,512661,4.4,Medium,2,22,No,,2013-12-27,50+,Executive (450k+),6-10 Years,Good
EMP0126,Employee_126,Sales,Female,42,High School,Mid-Level,6,532870,4.7,Low,3,22,No,,2007-05-01,40-49,Executive (450k+),6-10 Years,Outstanding
EMP0127,Employee_127,Marketing,Male,33,Ond,Manager,4,94875,1.1,Medium,2,6,No,,2017-01-06,30-39,Entry (<150k),3-5 Years,Poor
EMP0128,Employee_128,Network Operations,Female,53,Bsc,Mid-Level,17,122584,4.3,High,3,8,No,,2023-04-28,50+,Entry (<150k),10+ Years,Good
EMP0129,Employee_129,It,Female,35,Ond,Junior,16,103835,4.2,Low,2,26,Yes,Low Salary,2012-11-08,30-39,Entry (<150k),10+ Years,Good
EMP0130,Employee_130,Network Operations,Male,44,High School,Senior,13,416306,1.7,Medium,0,3,No,,2011-05-21,40-49,Senior (300k-450k),10+ Years,Poor
EMP0131,Employee_131,Sales,Male,38,Bsc,Senior,3,484237,4.0,High,4,17,No,,2018-09-01,30-39,Executive (450k+),3-5 Years,Good
EMP0132,Employee_132,Customer Service,Male,43,Hnd,Junior,9,382394,4.5,High,1,8,No,,2005-08-05,40-49,Senior (300k-450k),6-10 Years,Outstanding
EMP0133,Employee_133,Finance,Male,39,Hnd,Senior,7,218755,2.2,High,4,8,No,,2010-10-26,30-39,Mid (150k-300k),6-10 Years,Poor
EMP0134,Employee_134,Hr,Male,39,Msc,Mid-Level,9,421379,1.1,Medium,4,15,Yes,Low Salary,2005-04-09,30-39,Senior (300k-450k),6-10 Years,Poor
EMP0135,Employee_135,Network Operations,Female,57,Bsc,Manager,3,190524,2.2,Medium,1,9,Yes,Work-Life Balance,2014-12-23,50+,Mid (150k-300k),3-5 Years,Poor
EMP0136,Employee_136,Customer Service,Male,22,High School,Junior,1,482107,3.4,Medium,5,20,Yes,Career Growth,2013-07-13,20-29,Executive (450k+),0-2 Years,Average
EMP0137,Employee_137,Hr,Female,55,Hnd,Senior,7,379964,4.7,High,4,15,Yes,Relocation,2016-08-09,50+,Senior (300k-450k),6-10 Years,Outstanding
EMP0138,Employee_138,It,Male,34,Msc,Junior,13,298411,2.3,High,0,25,No,,2011-08-10,30-39,Mid (150k-300k),10+ Years,Poor
EMP0139,Employee_139,It,Male,27,Bsc,Mid-Level,14,404066,2.8,High,5,31,No,,2021-10-13,20-29,Senior (300k-450k),10+ Years,Average
EMP0140,Employee_140,Hr,Female,37,Hnd,Senior,2,415015,3.6,Medium,3,22,No,,2023-02-01,30-39,Senior (300k-450k),0-2 Years,Good
EMP0141,Employee_141,It,Female,48,Bsc,Senior,3,95878,3.1,Medium,5,36,No,,2021-11-27,40-49,Entry (<150k),3-5 Years,Average
EMP0142,Employee_142,Customer Service,Male,53,Msc,Senior,15,341115,4.6,Low,1,40,No,,2016-09-21,50+,Senior (300k-450k),10+ Years,Outstanding
EMP0143,Employee_143,Network Operations,Female,57,High School,Senior,17,546090,1.5,High,3,17,No,,2014-05-22,50+,Executive (450k+),10+ Years,Poor
EMP0144,Employee_144,Customer Service,Male,37,Msc,Junior,0,408814,3.0,Medium,2,40,No,,2008-08-03,30-39,Senior (300k-450k),0-2 Years,Average
EMP0145,Employee_145,Customer Service,Male,52,High School,Mid-Level,16,366039,2.1,Low,5,26,No,,2015-05-21,50+,Senior (300k-450k),10+ Years,Poor
EMP0146,Employee_146,Hr,Male,53,Ond,Mid-Level,18,231871,4.2,Low,0,24,No,,2015-05-09,50+,Mid (150k-300k),10+ Years,Good
EMP0147,Employee_147,Finance,Female,50,Hnd,Manager,7,416544,3.1,High,3,28,No,,2014-04-05,50+,Senior (300k-450k),6-10 Years,Average
EMP0148,Employee_148,Finance,Male,23,Ond,Junior,4,238384,3.9,High,5,4,Yes,Relocation,2021-04-02,20-29,Mid (150k-300k),3-5 Years,Good
EMP0149,Employee_149,Customer Service,Male,27,High School,Mid-Level,9,333202,3.6,Medium,3,40,No,,2017-11-11,20-29,Senior (300k-450k),6-10 Years,Good
EMP0150,Employee_150,Hr,Male,40,Bsc,Junior,13,208386,3.9,Low,1,5,Yes,Career Growth,2009-12-01,40-49,Mid (150k-300k),10+ Years,Good
EMP0151,Employee_151,Finance,Male,36,High School,Junior,0,501888,1.1,High,5,25,Yes,Poor Management,2020-05-09,30-39,Executive (450k+),0-2 Years,Poor
EMP0152,Employee_152,It,Male,47,High School,Mid-Level,11,503283,2.3,High,2,32,No,,2018-07-13,40-49,Executive (450k+),10+ Years,Poor
EMP0153,Employee_153,Customer Service,Female,37,Bsc,Manager,7,439132,2.2,Low,1,17,No,,2006-10-23,30-39,Senior (300k-450k),6-10 Years,Poor
EMP0154,Employee_154,It,Male,41,Ond,Manager,18,292909,3.7,High,2,23,No,,2023-04-11,40-49,Mid (150k-300k),10+ Years,Good
EMP0155,Employee_155,Network Operations,Male,45,Hnd,Manager,13,235941,1.8,Low,5,29,No,,2012-11-18,40-49,Mid (150k-300k),10+ Years,Poor
EMP0156,Employee_156,Customer Service,Female,52,High School,Senior,5,317787,3.1,Low,1,31,No,,2020-11-12,50+,Senior (300k-450k),3-5 Years,Average
EMP0157,Employee_157,Customer Service,Female,57,High School,Mid-Level,2,118258,3.6,High,5,20,No,,2021-05-28,50+,Entry (<150k),0-2 Years,Good
EMP0158,Employee_158,Finance,Male,55,Hnd,Senior,16,441031,2.6,Low,3,37,Yes,Personal,2010-11-18,50+,Senior (300k-450k),10+ Years,Average
EMP0159,Employee_159,It,Female,44,High School,Senior,11,111411,2.7,Low,3,0,No,,2010-05-04,40-49,Entry (<150k),10+ Years,Average
EMP0160,Employee_160,Sales,Male,49,Hnd,Senior,2,162879,2.3,Medium,0,22,Yes,Relocation,2020-03-24,40-49,Mid (150k-300k),0-2 Years,Poor
EMP0161,Employee_161,Marketing,Male,57,Hnd,Junior,16,310479,2.6,Low,3,29,No,,2013-12-26,50+,Senior (300k-450k),10+ Years,Average
EMP0162,Employee_162,Sales,Female,43,Hnd,Junior,17,297905,1.4,High,4,40,Yes,Career Growth,2022-03-22,40-49,Mid (150k-300k),10+ Years,Poor
EMP0163,Employee_163,Marketing,Male,44,Bsc,Mid-Level,16,333887,4.9,Low,3,22,Yes,Personal,2015-11-03,40-49,Senior (300k-450k),10+ Years,Outstanding
EMP0164,Employee_164,Sales,Female,51,Ond,Mid-Level,16,323501,2.9,Low,4,4,No,,2012-06-08,50+,Senior (300k-450k),10+ Years,Average
EMP0165,Employee_165,Customer Service,Male,39,Ond,Junior,17,186966,4.7,High,3,34,No,,2014-07-26,30-39,Mid (150k-300k),10+ Years,Outstanding
EMP0166,Employee_166,Customer Service,Male,41,Msc,Junior,0,258358,1.0,High,4,25,Yes,Poor Management,2015-06-09,40-49,Mid (150k-300k),0-2 Years,Poor
EMP0167,Employee_167,Customer Service,Female,38,Bsc,Senior,12,398064,2.5,Low,4,13,No,,2023-05-15,30-39,Senior (300k-450k),10+ Years,Average
EMP0168,Employee_168,Marketing,Female,36,Msc,Manager,15,155323,2.8,Low,5,27,No,,2008-08-02,30-39,Mid (150k-300k),10+ Years,Average
EMP0169,Employee_169,Hr,Female,29,Ond,Manager,1,243883,2.1,High,3,22,No,,2023-10-20,20-29,Mid (150k-300k),0-2 Years,Poor
EMP0170,Employee_170,It,Male,34,Ond,Manager,12,531666,2.3,High,4,31,No,,2007-08-07,30-39,Executive (450k+),10+ Years,Poor
EMP0171,Employee_171,Finance,Male,42,Ond,Manager,11,456629,3.3,Medium,0,22,No,,2021-02-28,40-49,Executive (450k+),10+ Years,Average
EMP0172,Employee_172,Sales,Male,29,High School,Manager,8,247413,3.3,Low,2,20,Yes,Relocation,2017-09-10,20-29,Mid (150k-300k),6-10 Years,Average
EMP0173,Employee_173,It,Male,56,Msc,Senior,0,464932,2.0,High,5,18,No,,2018-01-28,50+,Executive (450k+),0-2 Years,Poor
EMP0174,Employee_174,It,Female,33,Bsc,Mid-Level,11,531295,2.4,High,4,21,No,,2009-03-07,30-39,Executive (450k+),10+ Years,Poor
EMP0175,Employee_175,Finance,Female,34,Msc,Junior,2,261073,1.9,High,4,35,No,,2015-07-19,30-39,Mid (150k-300k),0-2 Years,Poor
EMP0176,Employee_176,Customer Service,Female,35,Ond,Senior,11,289042,3.7,High,5,36,No,,2019-03-11,30-39,Mid (150k-300k),10+ Years,Good
EMP0177,Employee_177,Finance,Male,52,Bsc,Manager,7,148559,2.9,Medium,0,8,Yes,Relocation,2010-02-16,50+,Entry (<150k),6-10 Years,Average
EMP0178,Employee_178,Network Operations,Female,39,Msc,Junior,3,478807,1.6,High,0,36,No,,2015-11-06,30-39,Executive (450k+),3-5 Years,Poor
EMP0179,Employee_179,Finance,Female,55,Ond,Senior,18,274269,3.7,Medium,1,31,Yes,Career Growth,2015-11-02,50+,Mid (150k-300k),10+ Years,Good
EMP0180,Employee_180,Marketing,Female,40,Ond,Manager,10,349997,4.7,Low,5,21,No,,2005-08-09,40-49,Senior (300k-450k),6-10 Years,Outstanding
EMP0181,Employee_181,Sales,Female,28,Bsc,Senior,4,374466,4.6,High,5,3,No,,2011-03-19,20-29,Senior (300k-450k),3-5 Years,Outstanding
EMP0182,Employee_182,Hr,Male,34,Hnd,Junior,1,135670,4.1,High,2,2,No,,2010-08-26,30-39,Entry (<150k),0-2 Years,Good
EMP0183,Employee_183,Customer Service,Male,40,Bsc,Mid-Level,11,247308,3.8,High,1,6,Yes,Relocation,2007-03-20,40-49,Mid (150k-300k),10+ Years,Good
EMP0184,Employee_184,Sales,Male,36,Hnd,Manager,17,206740,3.6,Medium,5,40,Yes,Low Salary,2018-11-14,30-39,Mid (150k-300k),10+ Years,Good
EMP0185,Employee_185,Hr,Male,45,High School,Junior,10,324565,4.8,Low,4,29,No,,2017-07-16,40-49,Senior (300k-450k),6-10 Years,Outstanding
EMP0186,Employee_186,Finance,Female,33,Bsc,Junior,5,144236,2.5,Low,0,1,Yes,Low Salary,2017-01-02,30-39,Entry (<150k),3-5 Years,Average
EMP0187,Employee_187,Marketing,Male,41,Hnd,Mid-Level,14,220232,3.1,High,4,7,No,,2022-04-24,40-49,Mid (150k-300k),10+ Years,Average
EMP0188,Employee_188,Network Operations,Male,22,Msc,Senior,15,315717,4.8,High,5,10,No,,2016-01-11,20-29,Senior (300k-450k),10+ Years,Outstanding
EMP0189,Employee_189,Marketing,Male,56,Ond,Mid-Level,5,209980,2.9,Medium,5,28,No,,2021-04-01,50+,Mid (150k-300k),3-5 Years,Average
EMP0190,Employee_190,Hr,Female,30,High School,Mid-Level,4,153860,2.8,High,5,29,No,,2005-11-24,30-39,Mid (150k-300k),3-5 Years,Average
EMP0191,Employee_191,Network Operations,Female,39,Bsc,Senior,2,130757,5.0,Medium,3,22,Yes,Low Salary,2012-04-23,30-39,Entry (<150k),0-2 Years,Outstanding
EMP0192,Employee_192,Sales,Female,24,Hnd,Senior,14,106531,2.5,Low,2,27,Yes,Career Growth,2016-05-05,20-29,Entry (<150k),10+ Years,Average
EMP0193,Employee_193,Network Operations,Male,25,Msc,Senior,1,232154,3.8,High,3,12,No,,2008-07-17,20-29,Mid (150k-300k),0-2 Years,Good
EMP0194,Employee_194,It,Female,57,Hnd,Junior,9,281405,4.7,High,0,8,Yes,Relocation,2023-05-06,50+,Mid (150k-300k),6-10 Years,Outstanding
EMP0195,Employee_195,Customer Service,Male,40,Bsc,Junior,6,533070,4.0,High,0,19,Yes,Poor Management,2007-01-10,40-49,Executive (450k+),6-10 Years,Good
EMP0196,Employee_196,It,Female,30,Hnd,Manager,1,402635,4.2,High,0,10,No,,2014-08-24,30-39,Senior (300k-450k),0-2 Years,Good
EMP0197,Employee_197,Customer Service,Male,53,Bsc,Manager,6,299223,4.3,Low,2,17,Yes,Relocation,2021-10-17,50+,Mid (150k-300k),6-10 Years,Good
EMP0198,Employee_198,Hr,Female,28,Hnd,Mid-Level,1,210165,4.0,Low,1,5,Yes,Poor Management,2015-07-22,20-29,Mid (150k-300k),0-2 Years,Good
EMP0199,Employee_199,Hr,Male,22,Ond,Mid-Level,10,533670,3.7,Low,4,23,No,,2009-06-16,20-29,Executive (450k+),6-10 Years,Good
EMP0200,Employee_200,Network Operations,Male,58,Bsc,Manager,9,163728,3.4,High,5,22,No,,2016-04-06,50+,Mid (150k-300k),6-10 Years,Average
EMP0201,Employee_201,Finance,Female,40,Bsc,Mid-Level,16,506496,4.1,Low,4,5,No,,2017-01-08,40-49,Executive (450k+),10+ Years,Good
EMP0202,Employee_202,Marketing,Female,52,High School,Senior,12,251670,3.1,Low,4,23,Yes,Relocation,2012-12-05,50+,Mid (150k-300k),10+ Years,Average
EMP0203,Employee_203,Customer Service,Male,52,Ond,Junior,17,382874,3.1,Low,4,10,No,,2011-12-01,50+,Senior (300k-450k),10+ Years,Average
EMP0204,Employee_204,Customer Service,Female,50,Bsc,Manager,15,740726,2.4,High,5,3,No,,2023-09-06,50+,Executive (450k+),10+ Years,Poor
EMP0205,Employee_205,Sales,Male,43,Msc,Junior,8,243952,4.7,High,4,25,Yes,Low Salary,2008-06-23,40-49,Mid (150k-300k),6-10 Years,Outstanding
EMP0206,Employee_206,Marketing,Male,33,Hnd,Manager,1,179527,1.4,Medium,1,40,No,,2006-07-21,30-39,Mid (150k-300k),0-2 Years,Poor
EMP0207,Employee_207,Hr,Female,25,Msc,Junior,6,480095,4.3,Medium,3,19,Yes,Relocation,2013-09-20,20-29,Executive (450k+),6-10 Years,Good
EMP0208,Employee_208,Network Operations,Female,38,Hnd,Manager,9,163541,3.1,Medium,2,14,No,,2006-10-02,30-39,Mid (150k-300k),6-10 Years,Average
EMP0209,Employee_209,Marketing,Female,52,Hnd,Junior,11,341234,1.8,Medium,3,27,No,,2008-11-27,50+,Senior (300k-450k),10+ Years,Poor
EMP0210,Employee_210,Hr,Male,29,High School,Senior,1,349864,3.1,Low,3,5,Yes,Relocation,2005-01-23,20-29,Senior (300k-450k),0-2 Years,Average
EMP0211,Employee_211,Finance,Female,26,Bsc,Manager,10,324745,3.1,Medium,5,6,No,,2008-07-15,20-29,Senior (300k-450k),6-10 Years,Average
EMP0212,Employee_212,Customer Service,Female,47,Hnd,Manager,8,341493,4.4,Medium,4,0,No,,2017-02-18,40-49,Senior (300k-450k),6-10 Years,Good
EMP0213,Employee_213,Customer Service,Male,53,High School,Manager,3,540888,2.8,Medium,5,22,Yes,Low Salary,2013-08-23,50+,Executive (450k+),3-5 Years,Average
EMP0214,Employee_214,Customer Service,Male,26,Msc,Senior,11,241764,3.7,High,4,30,No,,2009-04-23,20-29,Mid (150k-300k),10+ Years,Good
EMP0215,Employee_215,Network Operations,Female,58,High School,Junior,13,340765,3.9,Low,1,4,Yes,Career Growth,2005-05-14,50+,Senior (300k-450k),10+ Years,Good
EMP0216,Employee_216,Marketing,Female,25,Msc,Manager,12,92151,3.0,High,2,22,No,,2008-11-17,20-29,Entry (<150k),10+ Years,Average
EMP0217,Employee_217,Customer Service,Male,31,Bsc,Junior,14,127211,4.6,Low,0,37,No,,2013-10-20,30-39,Entry (<150k),10+ Years,Outstanding
EMP0218,Employee_218,Finance,Female,31,Hnd,Senior,12,286172,2.8,Medium,3,14,No,,2009-07-27,30-39,Mid (150k-300k),10+ Years,Average
EMP0219,Employee_219,Customer Service,Female,58,Ond,Mid-Level,10,344998,1.2,High,0,22,No,,2008-09-24,50+,Senior (300k-450k),6-10 Years,Poor
EMP0220,Employee_220,Finance,Male,41,Msc,Manager,5,319720,1.5,Low,2,28,No,,2008-05-04,40-49,Senior (300k-450k),3-5 Years,Poor
EMP0221,Employee_221,Sales,Female,27,Hnd,Senior,15,206211,2.7,High,3,0,No,,2008-08-07,20-29,Mid (150k-300k),10+ Years,Average
EMP0222,Employee_222,Customer Service,Female,37,Ond,Junior,15,192797,3.3,High,0,0,No,,2011-05-27,30-39,Mid (150k-300k),10+ Years,Average
EMP0223,Employee_223,Network Operations,Male,29,Ond,Manager,11,385840,3.2,Low,0,21,No,,2021-04-12,20-29,Senior (300k-450k),10+ Years,Average
EMP0224,Employee_224,It,Female,57,Msc,Junior,16,265018,3.7,Low,5,7,Yes,Career Growth,2018-05-06,50+,Mid (150k-300k),10+ Years,Good
EMP0225,Employee_225,Sales,Female,48,Hnd,Mid-Level,8,105510,2.2,Medium,1,27,No,,2006-09-16,40-49,Entry (<150k),6-10 Years,Poor
EMP0226,Employee_226,Sales,Female,36,Ond,Manager,2,106497,1.1,Medium,2,8,Yes,Relocation,2011-12-16,30-39,Entry (<150k),0-2 Years,Poor
EMP0227,Employee_227,Customer Service,Female,55,High School,Manager,13,227511,2.0,Medium,2,30,No,,2015-04-01,50+,Mid (150k-300k),10+ Years,Poor
EMP0228,Employee_228,Marketing,Female,46,High School,Junior,2,339467,1.0,High,2,22,No,,2005-11-03,40-49,Senior (300k-450k),0-2 Years,Poor
EMP0229,Employee_229,Marketing,Male,50,Hnd,Manager,13,393271,1.9,Medium,3,14,No,,2008-10-22,50+,Senior (300k-450k),10+ Years,Poor
EMP0230,Employee_230,Network Operations,Male,50,Bsc,Senior,5,542599,1.3,Low,1,24,No,,2020-03-03,50+,Executive (450k+),3-5 Years,Poor
EMP0231,Employee_231,Customer Service,Male,41,High School,Senior,17,521895,2.7,High,4,5,No,,2021-02-24,40-49,Executive (450k+),10+ Years,Average
EMP0232,Employee_232,Sales,Male,49,Msc,Mid-Level,9,423020,3.8,Low,3,6,No,,2008-05-21,40-49,Senior (300k-450k),6-10 Years,Good
EMP0233,Employee_233,Customer Service,Female,41,Hnd,Senior,10,432594,3.1,High,2,6,Yes,Relocation,2012-08-10,40-49,Senior (300k-450k),6-10 Years,Average
EMP0234,Employee_234,Customer Service,Female,58,Ond,Mid-Level,3,326723,1.2,Low,3,20,No,,2013-08-02,50+,Senior (300k-450k),3-5 Years,Poor
EMP0235,Employee_235,Sales,Male,25,High School,Junior,2,229814,4.6,Low,0,23,No,,2008-03-28,20-29,Mid (150k-300k),0-2 Years,Outstanding
EMP0236,Employee_236,Sales,Male,28,Hnd,Junior,10,361380,4.9,Medium,3,19,No,,2006-05-12,20-29,Senior (300k-450k),6-10 Years,Outstanding
EMP0237,Employee_237,Hr,Female,35,Hnd,Mid-Level,9,84287,2.9,Medium,5,8,No,,2015-07-24,30-39,Entry (<150k),6-10 Years,Average
EMP0238,Employee_238,Customer Service,Male,35,Bsc,Senior,9,524162,2.1,High,5,24,Yes,Poor Management,2008-02-28,30-39,Executive (450k+),6-10 Years,Poor
EMP0239,Employee_239,Marketing,Male,38,Ond,Senior,14,136359,1.7,High,3,8,No,,2006-01-28,30-39,Entry (<150k),10+ Years,Poor
EMP0240,Employee_240,Sales,Male,27,Ond,Mid-Level,13,305930,1.5,High,2,9,No,,2009-11-21,20-29,Senior (300k-450k),10+ Years,Poor
EMP0241,Employee_241,Marketing,Male,32,Ond,Mid-Level,5,150220,3.1,Low,0,4,Yes,Relocation,2010-06-12,30-39,Mid (150k-300k),3-5 Years,Average
EMP0242,Employee_242,Finance,Male,37,Msc,Junior,14,542660,3.9,High,2,33,No,,2019-10-09,30-39,Executive (450k+),10+ Years,Good
EMP0243,Employee_243,Marketing,Male,33,Hnd,Mid-Level,11,218659,4.9,Low,0,36,No,,2007-06-27,30-39,Mid (150k-300k),10+ Years,Outstanding
EMP0244,Employee_244,Customer Service,Female,57,Msc,Senior,14,461423,2.5,High,5,0,No,,2015-03-04,50+,Executive (450k+),10+ Years,Average
EMP0245,Employee_245,Customer Service,Male,26,Msc,Mid-Level,1,271772,4.6,Low,0,39,No,,2017-07-15,20-29,Mid (150k-300k),0-2 Years,Outstanding
EMP0246,Employee_246,Hr,Female,32,Hnd,Mid-Level,11,480480,2.8,High,0,10,No,,2013-07-23,30-39,Executive (450k+),10+ Years,Average
EMP0247,Employee_247,It,Female,22,Ond,Mid-Level,13,291421,4.7,High,2,28,No,,2020-07-21,20-29,Mid (150k-300k),10+ Years,Outstanding
EMP0248,Employee_248,Finance,Male,48,Hnd,Junior,8,271856,2.5,Medium,5,22,No,,2010-02-05,40-49,Mid (150k-300k),6-10 Years,Average
EMP0249,Employee_249,Customer Service,Male,50,Bsc,Mid-Level,1,103720,1.3,Medium,0,13,Yes,Better Offer,2006-03-04,50+,Entry (<150k),0-2 Years,Poor
EMP0250,Employee_250,Customer Service,Female,52,Hnd,Manager,2,290020,4.9,Low,5,40,Yes,Personal,2018-10-16,50+,Mid (150k-300k),0-2 Years,Outstanding
EMP0251,Employee_251,Customer Service,Female,40,Hnd,Manager,12,106821,4.5,Low,1,9,No,,2023-11-15,40-49,Entry (<150k),10+ Years,Outstanding
EMP0252,Employee_252,Marketing,Male,24,High School,Manager,11,378991,1.5,High,5,26,Yes,Poor Management,2010-10-13,20-29,Senior (300k-450k),10+ Years,Poor
EMP0253,Employee_253,Finance,Male,36,Bsc,Senior,16,374553,4.4,Medium,1,39,No,,2016-10-01,30-39,Senior (300k-450k),10+ Years,Good
EMP0254,Employee_254,It,Male,40,High School,Senior,5,182055,1.5,High,4,28,Yes,Career Growth,2009-08-16,40-49,Mid (150k-300k),3-5 Years,Poor
EMP0255,Employee_255,Customer Service,Male,40,Ond,Mid-Level,0,270066,5.0,High,1,13,No,,2008-07-15,40-49,Mid (150k-300k),0-2 Years,Outstanding
EMP0256,Employee_256,Finance,Female,51,Ond,Manager,4,370048,2.6,High,4,5,No,,2006-02-09,50+,Senior (300k-450k),3-5 Years,Average
EMP0257,Employee_257,Marketing,Male,26,Bsc,Junior,14,231310,1.5,Low,1,6,No,,2015-01-23,20-29,Mid (150k-300k),10+ Years,Poor
EMP0258,Employee_258,Hr,Male,36,Msc,Manager,1,118551,4.9,Low,2,8,No,,2021-12-19,30-39,Entry (<150k),0-2 Years,Outstanding
EMP0259,Employee_259,Hr,Male,38,Hnd,Manager,4,282558,4.3,Medium,4,7,Yes,Work-Life Balance,2023-04-22,30-39,Mid (150k-300k),3-5 Years,Good
EMP0260,Employee_260,Customer Service,Male,34,High School,Senior,2,344375,4.0,Low,3,37,Yes,Career Growth,2015-09-17,30-39,Senior (300k-450k),0-2 Years,Good
EMP0261,Employee_261,Hr,Male,49,Bsc,Senior,7,316115,4.9,Low,3,24,Yes,Career Growth,2008-07-22,40-49,Senior (300k-450k),6-10 Years,Outstanding
EMP0262,Employee_262,Network Operations,Male,29,High School,Junior,11,480767,2.9,High,1,22,Yes,Relocation,2012-08-12,20-29,Executive (450k+),10+ Years,Average
EMP0263,Employee_263,It,Female,56,Hnd,Senior,11,368283,3.9,Low,3,27,No,,2017-03-27,50+,Senior (300k-450k),10+ Years,Good
EMP0264,Employee_264,Hr,Male,36,Msc,Junior,12,226654,2.7,High,5,20,No,,2022-10-02,30-39,Mid (150k-300k),10+ Years,Average
EMP0265,Employee_265,Hr,Female,31,High School,Senior,18,512700,2.5,High,1,22,No,,2005-11-06,30-39,Executive (450k+),10+ Years,Average
EMP0266,Employee_266,Network Operations,Female,39,Bsc,Manager,1,406758,1.9,Low,1,22,No,,2021-08-28,30-39,Senior (300k-450k),0-2 Years,Poor
EMP0267,Employee_267,Customer Service,Female,31,Hnd,Manager,4,436724,2.8,Medium,5,17,No,,2020-03-03,30-39,Senior (300k-450k),3-5 Years,Average
EMP0268,Employee_268,Finance,Female,26,Hnd,Junior,14,400362,1.6,Low,5,5,No,,2020-06-08,20-29,Senior (300k-450k),10+ Years,Poor
EMP0269,Employee_269,It,Female,25,Msc,Junior,11,142291,1.8,High,3,15,No,,2015-05-02,20-29,Entry (<150k),10+ Years,Poor
EMP0270,Employee_270,Sales,Male,32,Bsc,Senior,11,147456,3.1,Low,3,35,No,,2021-04-18,30-39,Entry (<150k),10+ Years,Average
EMP0271,Employee_271,Customer Service,Female,41,Hnd,Senior,14,130688,3.1,High,0,38,No,,2017-07-27,40-49,Entry (<150k),10+ Years,Average
EMP0272,Employee_272,Customer Service,Male,58,High School,Junior,2,286518,1.1,Medium,5,38,No,,2012-02-15,50+,Mid (150k-300k),0-2 Years,Poor
EMP0273,Employee_273,Sales,Female,40,Ond,Junior,18,275663,3.6,High,4,38,Yes,Relocation,2019-10-15,40-49,Mid (150k-300k),10+ Years,Good
EMP0274,Employee_274,Network Operations,Male,50,Bsc,Manager,4,496755,3.5,High,1,18,Yes,Work-Life Balance,2007-08-15,50+,Executive (450k+),3-5 Years,Good
EMP0275,Employee_275,Sales,Female,29,High School,Manager,16,257778,4.7,Medium,3,1,No,,2015-02-16,20-29,Mid (150k-300k),10+ Years,Outstanding
EMP0276,Employee_276,Finance,Female,51,Msc,Junior,11,372464,4.6,Medium,4,19,No,,2005-02-13,50+,Senior (300k-450k),10+ Years,Outstanding
EMP0277,Employee_277,Finance,Male,41,Msc,Manager,12,271683,2.0,High,3,13,No,,2018-01-18,40-49,Mid (150k-300k),10+ Years,Poor
EMP0278,Employee_278,Customer Service,Female,47,Hnd,Mid-Level,10,475819,1.3,Low,3,33,No,,2022-01-27,40-49,Executive (450k+),6-10 Years,Poor
EMP0279,Employee_279,Finance,Female,39,Msc,Senior,8,155637,3.1,High,0,38,No,,2007-10-20,30-39,Mid (150k-300k),6-10 Years,Average
EMP0280,Employee_280,Customer Service,Male,54,Ond,Manager,7,184363,3.1,High,5,32,No,,2014-09-18,50+,Mid (150k-300k),6-10 Years,Average
EMP0281,Employee_281,Sales,Female,56,High School,Mid-Level,3,395864,3.7,Low,1,12,No,,2011-11-22,50+,Senior (300k-450k),3-5 Years,Good
EMP0282,Employee_282,Sales,Male,53,Bsc,Junior,0,346926,4.5,High,1,25,Yes,Relocation,2019-06-12,50+,Senior (300k-450k),0-2 Years,Outstanding
EMP0283,Employee_283,Hr,Female,50,Hnd,Manager,5,290442,2.0,High,2,18,No,,2006-04-28,50+,Mid (150k-300k),3-5 Years,Poor
EMP0284,Employee_284,Hr,Female,27,Bsc,Junior,15,342184,1.2,Medium,5,3,No,,2019-06-18,20-29,Senior (300k-450k),10+ Years,Poor
EMP0285,Employee_285,Sales,Female,24,High School,Senior,16,101105,2.8,Low,0,22,No,,2020-12-22,20-29,Entry (<150k),10+ Years,Average
EMP0286,Employee_286,Customer Service,Male,49,Ond,Junior,12,103752,3.2,Low,4,31,No,,2016-12-15,40-49,Entry (<150k),10+ Years,Average
EMP0287,Employee_287,Sales,Male,42,High School,Mid-Level,17,100402,4.0,Medium,0,24,No,,2008-02-25,40-49,Entry (<150k),10+ Years,Good
EMP0288,Employee_288,Sales,Male,38,High School,Junior,3,151846,3.1,Low,4,7,Yes,Relocation,2012-01-11,30-39,Mid (150k-300k),3-5 Years,Average
EMP0289,Employee_289,Marketing,Male,23,Hnd,Mid-Level,8,454127,1.6,Low,1,15,Yes,Personal,2016-11-26,20-29,Executive (450k+),6-10 Years,Poor
EMP0290,Employee_290,Customer Service,Female,27,Bsc,Manager,8,254609,5.0,Medium,2,31,Yes,Career Growth,2014-09-17,20-29,Mid (150k-300k),6-10 Years,Outstanding
EMP0291,Employee_291,Sales,Male,36,High School,Manager,14,501509,1.9,High,2,40,No,,2016-12-04,30-39,Executive (450k+),10+ Years,Poor
EMP0292,Employee_292,Finance,Male,58,High School,Mid-Level,6,328378,4.7,High,1,38,Yes,Poor Management,2006-03-16,50+,Senior (300k-450k),6-10 Years,Outstanding
EMP0293,Employee_293,Customer Service,Male,23,Ond,Senior,9,352279,3.3,High,3,4,No,,2009-12-24,20-29,Senior (300k-450k),6-10 Years,Average
EMP0294,Employee_294,Network Operations,Female,39,Msc,Senior,15,319593,3.1,Medium,0,33,No,,2018-02-09,30-39,Senior (300k-450k),10+ Years,Average
EMP0295,Employee_295,Hr,Female,58,Ond,Senior,6,158087,4.1,Medium,2,0,No,,2011-04-04,50+,Mid (150k-300k),6-10 Years,Good
EMP0296,Employee_296,It,Male,24,Bsc,Manager,3,397855,4.3,Low,5,23,No,,2017-04-15,20-29,Senior (300k-450k),3-5 Years,Good
EMP0297,Employee_297,Customer Service,Female,33,Bsc,Manager,4,548258,1.9,High,3,20,No,,2011-12-11,30-39,Executive (450k+),3-5 Years,Poor
EMP0298,Employee_298,Finance,Female,52,Hnd,Senior,2,350273,4.5,Medium,4,8,Yes,Personal,2008-07-02,50+,Senior (300k-450k),0-2 Years,Outstanding
EMP0299,Employee_299,Customer Service,Male,55,Msc,Junior,14,153285,4.9,High,5,24,No,,2023-02-25,50+,Mid (150k-300k),10+ Years,Outstanding
EMP0300,Employee_300,Hr,Male,50,Bsc,Senior,5,251948,3.1,Medium,2,36,No,,2019-08-22,50+,Mid (150k-300k),3-5 Years,Average
